{"cameraMode":{"drawMode":0,"name":"Shaded","section":"Shading Mode"},"sceneLighting":false,"audioPlay":false,"sceneViewState":{"showFog":true,"showMaterialUpdate":false,"showSkybox":false,"showFlares":true,"showImageEffects":true,"showParticleSystems":true},"in2DMode":false,"pivot":{"x":-0.5010177493095398,"y":1.8898839950561524,"z":0.2292804718017578},"rotation":{"x":0.5447679758071899,"y":0.05475339666008949,"z":-0.03567861393094063,"w":0.8360449075698853},"size":3.0575172901153566,"orthographic":false}