{"cameraMode":{"drawMode":0,"name":"Shaded","section":"Shading Mode"},"sceneLighting":false,"audioPlay":false,"sceneViewState":{"showFog":true,"showMaterialUpdate":false,"showSkybox":false,"showFlares":true,"showImageEffects":true,"showParticleSystems":true},"in2DMode":false,"pivot":{"x":646.8703002929688,"y":313.6573181152344,"z":334.1391906738281},"rotation":{"x":0.016188768669962884,"y":-0.009901334531605244,"z":-0.00016017838788684458,"w":-0.999820351600647},"size":355.9722900390625,"orthographic":false}