{"cameraMode":{"drawMode":0,"name":"Shaded","section":"Shading Mode"},"sceneLighting":false,"audioPlay":false,"sceneViewState":{"showFog":true,"showMaterialUpdate":false,"showSkybox":false,"showFlares":true,"showImageEffects":true,"showParticleSystems":true},"in2DMode":false,"pivot":{"x":13.00036334991455,"y":1.1525002717971802,"z":8.0},"rotation":{"x":-0.26326093077659609,"y":-0.6390138268470764,"z":0.24778132140636445,"w":-0.6789677739143372},"size":1.5592023134231568,"orthographic":true}