{"cameraMode":{"drawMode":0,"name":"Shaded","section":"Shading Mode"},"sceneLighting":false,"audioPlay":false,"sceneViewState":{"showFog":true,"showMaterialUpdate":false,"showSkybox":false,"showFlares":true,"showImageEffects":true,"showParticleSystems":true},"in2DMode":false,"pivot":{"x":-3.9255177974700929,"y":0.2357320785522461,"z":-4.065456867218018},"rotation":{"x":0.4247996211051941,"y":0.5614723563194275,"z":-0.41274118423461916,"w":0.5778800249099731},"size":3.7548506259918215,"orthographic":false}