{"cameraMode":{"drawMode":0,"name":"Shaded","section":"Shading Mode"},"sceneLighting":false,"audioPlay":false,"sceneViewState":{"showFog":true,"showMaterialUpdate":false,"showSkybox":false,"showFlares":true,"showImageEffects":true,"showParticleSystems":true},"in2DMode":false,"pivot":{"x":1.708801507949829,"y":1.971421718597412,"z":-1.4875571727752686},"rotation":{"x":0.6063814163208008,"y":-0.2999890148639679,"z":0.2647087574005127,"w":0.6872040033340454},"size":3.2822864055633547,"orthographic":false}