{"cameraMode":{"drawMode":0,"name":"Shaded","section":"Shading Mode"},"sceneLighting":true,"audioPlay":false,"sceneViewState":{"showFog":true,"showMaterialUpdate":false,"showSkybox":false,"showFlares":true,"showImageEffects":true,"showParticleSystems":true},"in2DMode":false,"pivot":{"x":434.3692626953125,"y":-0.01199483871459961,"z":131.8003387451172},"rotation":{"x":-0.051072634756565097,"y":0.8895533680915833,"z":-0.44227367639541628,"w":-0.10263358801603317},"size":4.247334957122803,"orthographic":false}