{"cameraMode":{"drawMode":0,"name":"Shaded","section":"Shading Mode"},"sceneLighting":false,"audioPlay":false,"sceneViewState":{"showFog":true,"showMaterialUpdate":false,"showSkybox":false,"showFlares":true,"showImageEffects":true,"showParticleSystems":true},"in2DMode":false,"pivot":{"x":410.46728515625,"y":31.201171875,"z":141.8748779296875},"rotation":{"x":-0.028657197952270509,"y":-0.9689342975616455,"z":0.1354578584432602,"w":-0.2050216645002365},"size":56.22415542602539,"orthographic":true}