{"cameraMode":{"drawMode":0,"name":"Shaded","section":"Shading Mode"},"sceneLighting":false,"audioPlay":false,"sceneViewState":{"showFog":true,"showMaterialUpdate":false,"showSkybox":false,"showFlares":true,"showImageEffects":true,"showParticleSystems":true},"in2DMode":false,"pivot":{"x":432.9820556640625,"y":-10.7166748046875,"z":527.9808349609375},"rotation":{"x":-0.2083956003189087,"y":0.024638410657644273,"z":-0.0052544111385941509,"w":-0.977729082107544},"size":620.0693359375,"orthographic":false}