{"cameraMode":{"drawMode":0,"name":"Shaded","section":"Shading Mode"},"sceneLighting":false,"audioPlay":false,"sceneViewState":{"showFog":true,"showMaterialUpdate":false,"showSkybox":false,"showFlares":true,"showImageEffects":true,"showParticleSystems":true},"in2DMode":false,"pivot":{"x":-0.005254030227661133,"y":5.5847296714782719,"z":0.0672607421875},"rotation":{"x":0.21041680872440339,"y":0.5275585651397705,"z":-0.13649368286132813,"w":0.8117284178733826},"size":5.812705039978027,"orthographic":false}