{"cameraMode":{"drawMode":0,"name":"Shaded","section":"Shading Mode"},"sceneLighting":false,"audioPlay":false,"sceneViewState":{"showFog":true,"showMaterialUpdate":false,"showSkybox":false,"showFlares":true,"showImageEffects":true,"showParticleSystems":true},"in2DMode":false,"pivot":{"x":0.014530181884765625,"y":2.275852918624878,"z":0.0026144981384277345},"rotation":{"x":0.40343227982521059,"y":-0.581890344619751,"z":0.40661343932151797,"w":0.5773559808731079},"size":6.16234016418457,"orthographic":true}