{"cameraMode":{"drawMode":0,"name":"Shaded","section":"Shading Mode"},"sceneLighting":false,"audioPlay":false,"sceneViewState":{"showFog":true,"showMaterialUpdate":false,"showSkybox":false,"showFlares":true,"showImageEffects":true,"showParticleSystems":true},"in2DMode":false,"pivot":{"x":-4.119189262390137,"y":-0.007214069366455078,"z":0.34252238273620608},"rotation":{"x":0.07017448544502258,"y":0.8073683977127075,"z":-0.5776065587997437,"w":0.09808666259050369},"size":2.2439677715301515,"orthographic":false}