{"cameraMode":{"drawMode":0,"name":"Shaded","section":"Shading Mode"},"sceneLighting":false,"audioPlay":false,"sceneViewState":{"showFog":true,"showMaterialUpdate":false,"showSkybox":false,"showFlares":true,"showImageEffects":true,"showParticleSystems":true},"in2DMode":false,"pivot":{"x":760.6224365234375,"y":90.02392578125,"z":66.543701171875},"rotation":{"x":-0.3937096893787384,"y":-0.09159823507070542,"z":0.03946232423186302,"w":-0.9138122797012329},"size":715.9945068359375,"orthographic":false}