{"cameraMode":{"drawMode":0,"name":"Shaded","section":"Shading Mode"},"sceneLighting":true,"audioPlay":false,"sceneViewState":{"showFog":true,"showMaterialUpdate":false,"showSkybox":false,"showFlares":true,"showImageEffects":true,"showParticleSystems":true},"in2DMode":false,"pivot":{"x":-8.102581977844239,"y":1.3908119201660157,"z":-2.0222368240356447},"rotation":{"x":-0.47098711133003237,"y":-0.36656519770622256,"z":0.2253868281841278,"w":-0.7700773477554321},"size":13.97531509399414,"orthographic":false}