{"cameraMode":{"drawMode":0,"name":"Shaded","section":"Shading Mode"},"sceneLighting":false,"audioPlay":false,"sceneViewState":{"showFog":true,"showMaterialUpdate":false,"showSkybox":false,"showFlares":true,"showImageEffects":true,"showParticleSystems":true},"in2DMode":false,"pivot":{"x":402.4271545410156,"y":1.390467882156372,"z":138.10336303710938},"rotation":{"x":-0.16132719814777375,"y":0.4194450378417969,"z":-0.07498461753129959,"w":-0.8901906609535217},"size":1.4658750295639039,"orthographic":false}