{"cameraMode":{"drawMode":0,"name":"Shaded","section":"Shading Mode"},"sceneLighting":false,"audioPlay":false,"sceneViewState":{"showFog":true,"showMaterialUpdate":false,"showSkybox":false,"showFlares":true,"showImageEffects":true,"showParticleSystems":true},"in2DMode":false,"pivot":{"x":-0.20051109790802003,"y":0.9868241548538208,"z":-0.7199999690055847},"rotation":{"x":-0.17048314213752747,"y":0.6497443318367004,"z":-0.15282279253005982,"w":-0.7248647809028626},"size":1.2247449159622193,"orthographic":false}