{"cameraMode":{"drawMode":0,"name":"Shaded","section":"Shading Mode"},"sceneLighting":false,"audioPlay":false,"sceneViewState":{"showFog":true,"showMaterialUpdate":false,"showSkybox":false,"showFlares":true,"showImageEffects":true,"showParticleSystems":true},"in2DMode":false,"pivot":{"x":-0.29074567556381228,"y":1.217271089553833,"z":1.6114327907562256},"rotation":{"x":0.315549373626709,"y":0.06824266910552979,"z":-0.02275892347097397,"w":0.9461809992790222},"size":2.5949783325195314,"orthographic":false}