{"cameraMode":{"drawMode":0,"name":"Shaded","section":"Shading Mode"},"sceneLighting":false,"audioPlay":false,"sceneViewState":{"showFog":true,"showMaterialUpdate":false,"showSkybox":false,"showFlares":true,"showImageEffects":true,"showParticleSystems":true},"in2DMode":false,"pivot":{"x":-3.1258225440979006,"y":2.0072107315063478,"z":-0.19430923461914063},"rotation":{"x":-0.320610374212265,"y":-0.6482545137405396,"z":0.35094478726387026,"w":-0.5948410630226135},"size":2.551339626312256,"orthographic":false}