{"cameraMode":{"drawMode":0,"name":"Shaded","section":"Shading Mode"},"sceneLighting":false,"audioPlay":false,"sceneViewState":{"showFog":true,"showMaterialUpdate":false,"showSkybox":false,"showFlares":true,"showImageEffects":true,"showParticleSystems":true},"in2DMode":false,"pivot":{"x":0.0007264614105224609,"y":2.3050005435943605,"z":2.384185791015625e-7},"rotation":{"x":0.15952372550964356,"y":0.623429536819458,"z":-0.1319023072719574,"w":0.7539849877357483},"size":4.057753562927246,"orthographic":true}