{"cameraMode":{"drawMode":0,"name":"Shaded","section":"Shading Mode"},"sceneLighting":true,"audioPlay":false,"sceneViewState":{"showFog":true,"showMaterialUpdate":false,"showSkybox":false,"showFlares":true,"showImageEffects":true,"showParticleSystems":true},"in2DMode":false,"pivot":{"x":4.371772766113281,"y":0.43158817291259768,"z":2.9236273765563967},"rotation":{"x":0.3421444892883301,"y":-0.5973100662231445,"z":0.31213024258613589,"w":0.6548349261283875},"size":9.699484825134278,"orthographic":true}