{"username":"boedaka","model_name":"LocalPlayer","hitpoints":100,"scene_id":0,"position":{"x":370.917236328125,"y":0.18684828281402589,"z":135.57144165039063},"rotation":{"x":0.003318555187433958,"y":-0.757480263710022,"z":0.0023947367444634439,"w":0.6528453230857849},"questStates":"{\r\n  \"0\": \"-1\"\r\n}"}