{"username":"boeda3za1","model":"LocalPlayer","hitpoints":0,"scene_id":0,"position":{"x":359.7218322753906,"y":0.14520514011383058,"z":135.9326171875},"rotation":{"x":0.0022085870150476696,"y":-0.7094682455062866,"z":0.0020765773952007295,"w":-0.7047309279441834},"questStates":"{\r\n  \"0\": \"-1\"\r\n}"}