{"username":"boedaka","model":"LocalPlayer","scene_id":1,"position":{"x":407.0717468261719,"y":0.048937320709228519,"z":134.11289978027345},"rotation":{"x":-0.008852662518620491,"y":0.9995026588439941,"z":0.01161940023303032,"w":0.02794969454407692},"questStates":"{\r\n  \"0\": \"1\"\r\n}"}