{"username":"boeda3za1","model":"LocalPlayer","scene_id":1,"position":{"x":410.75634765625,"y":0.13062059879302979,"z":136.10874938964845},"rotation":{"x":0.12470955401659012,"y":-0.5962748527526856,"z":0.1136261522769928,"w":0.7848522067070007},"questStates":"{\r\n  \"0\": \"-1\"\r\n}"}