{"cameraMode":{"drawMode":0,"name":"Shaded","section":"Shading Mode"},"sceneLighting":false,"audioPlay":false,"sceneViewState":{"showFog":true,"showMaterialUpdate":false,"showSkybox":false,"showFlares":true,"showImageEffects":true,"showParticleSystems":true},"in2DMode":false,"pivot":{"x":0.10932755470275879,"y":2.312384605407715,"z":-0.0343937873840332},"rotation":{"x":-0.38473281264305117,"y":0.22699660062789918,"z":-0.0981878712773323,"w":-0.8892924785614014},"size":4.775508880615234,"orthographic":false}