{"cameraMode":{"drawMode":0,"name":"Shaded","section":"Shading Mode"},"sceneLighting":false,"audioPlay":false,"sceneViewState":{"showFog":true,"showMaterialUpdate":false,"showSkybox":false,"showFlares":true,"showImageEffects":true,"showParticleSystems":true},"in2DMode":false,"pivot":{"x":-0.6666022539138794,"y":1.1105711460113526,"z":-1.9208866357803345},"rotation":{"x":-0.41045939922332766,"y":-0.5735082030296326,"z":0.4040946662425995,"w":-0.5825352072715759},"size":1.2575174570083619,"orthographic":false}