{"cameraMode":{"drawMode":0,"name":"Shaded","section":"Shading Mode"},"sceneLighting":false,"audioPlay":false,"sceneViewState":{"showFog":true,"showMaterialUpdate":false,"showSkybox":false,"showFlares":true,"showImageEffects":true,"showParticleSystems":true},"in2DMode":false,"pivot":{"x":134.18296813964845,"y":67.30904388427735,"z":203.6299285888672},"rotation":{"x":-0.06780082732439041,"y":0.735257625579834,"z":-0.07437269389629364,"w":-0.6702764630317688},"size":8.167943954467774,"orthographic":false}