{"cameraMode":{"drawMode":0,"name":"Shaded","section":"Shading Mode"},"sceneLighting":false,"audioPlay":false,"sceneViewState":{"showFog":true,"showMaterialUpdate":false,"showSkybox":false,"showFlares":true,"showImageEffects":true,"showParticleSystems":true},"in2DMode":false,"pivot":{"x":-2.384185791015625e-7,"y":2.3913609981536867,"z":-1.913923740386963},"rotation":{"x":0.045858271420001987,"y":-0.9116529822349548,"z":0.39440441131591799,"w":0.10604165494441986},"size":3.2745325565338136,"orthographic":false}