{"cameraMode":{"drawMode":0,"name":"Shaded","section":"Shading Mode"},"sceneLighting":false,"audioPlay":false,"sceneViewState":{"showFog":true,"showMaterialUpdate":false,"showSkybox":false,"showFlares":true,"showImageEffects":true,"showParticleSystems":true},"in2DMode":false,"pivot":{"x":-3.4478039741516115,"y":-1.888934850692749,"z":-0.12255030870437622},"rotation":{"x":-0.03993384540081024,"y":-0.764011561870575,"z":0.642212986946106,"w":-0.04750823229551315},"size":2.922497272491455,"orthographic":true}